chunk_size,summarization_model,reranking_model,synthesis_model,hyde,top_k,average_max_score,min_max_score,relevance_average,faithfulness_average
2048,meta.llama3-1-70b-instruct-v1:0,cohere.rerank-v3-5:0,meta.llama3-1-8b-instruct-v1:0,True,5,0.8826611136135302,0.7815478444099426,0.8947368421052632,0.21052631578947367
2048,meta.llama3-1-70b-instruct-v1:0,cohere.rerank-v3-5:0,meta.llama3-1-8b-instruct-v1:0,False,5,0.9114264281172502,0.8610835671424866,0.8947368421052632,0.42105263157894735
2048,meta.llama3-1-70b-instruct-v1:0,cohere.rerank-v3-5:0,meta.llama3-1-8b-instruct-v1:0,True,10,0.9048809565995869,0.8272849321365356,0.8947368421052632,0.42105263157894735
2048,meta.llama3-1-70b-instruct-v1:0,cohere.rerank-v3-5:0,meta.llama3-1-8b-instruct-v1:0,False,10,0.9114264281172502,0.8610835671424866,0.8421052631578947,0.2631578947368421
2048,meta.llama3-1-70b-instruct-v1:0,amazon.rerank-v1:0,meta.llama3-1-8b-instruct-v1:0,True,5,0.9260006546974182,0.6496897339820862,0.8947368421052632,0.3157894736842105
2048,meta.llama3-1-70b-instruct-v1:0,amazon.rerank-v1:0,meta.llama3-1-8b-instruct-v1:0,False,5,0.5417807119849481,0.05320620909333229,0.8421052631578947,0.3157894736842105
2048,meta.llama3-1-70b-instruct-v1:0,amazon.rerank-v1:0,meta.llama3-1-8b-instruct-v1:0,True,10,0.8567628860473633,0.6729767918586731,0.9473684210526315,0.15789473684210525
2048,meta.llama3-1-70b-instruct-v1:0,amazon.rerank-v1:0,meta.llama3-1-8b-instruct-v1:0,False,10,0.5417807119849481,0.05320620909333229,0.8421052631578947,0.631578947368421
