hyde,max,avg
True,0.6611219,0.6184879392
False,0.6844336,0.5961972436
True,0.6621119,0.6124813322
False,0.6844336,0.5961972436
True,0.68132037,0.6201950774
False,0.6844336,0.5961972436
