hyde,max,avg
True,0.67549396,0.6267690119999999
False,0.6844336,0.5961972436
True,0.6648458,0.618846781
False,0.6844336,0.5961972436
True,0.68306196,0.6138021548000001
False,0.6844336,0.5961972436
