hyde,max,avg

True,0.9447557330131531,0.776222915649414
False,0.9391199350357056,0.6436088678240777
True,0.9033029675483704,0.7038410140408411
False,0.9549887776374817,0.736199444035689
